{
  "abyan": [
    "lahj",
    "aden",
    "al dhale'e",
    "al bayda",
    "taizz"
  ],
  "aden": [
    "lahj",
    "abyan",
    "al dhale'e",
    "taizz",
    "al bayda"
  ],
  "al bayda": [
    "al dhale'e",
    "abyan",
    "lahj",
    "dhamar",
    "aden"
  ],
  "al dhale'e": [
    "ibb",
    "lahj",
    "taizz",
    "abyan",
    "al bayda"
  ],
  "al hudaydah": [
    "raymah",
    "al mahwit",
    "hajjah",
    "amran",
    "amanat al asimah"
  ],
  "al jawf": [
    "marib",
    "amran",
    "sana'a",
    "amanat al asimah",
    "hajjah"
  ],
  "al maharah": [
    "hadramaut",
    "socotra",
    "shabwah",
    "marib",
    "al bayda"
  ],
  "al mahwit": [
    "hajjah",
    "amran",
    "amanat al asimah",
    "raymah",
    "al hudaydah"
  ],
  "amanat al asimah": [
    "sana'a",
    "amran",
    "al mahwit",
    "hajjah",
    "dhamar"
  ],
  "amran": [
    "hajjah",
    "amanat al asimah",
    "al mahwit",
    "sana'a",
    "al jawf"
  ],
  "dhamar": [
    "ibb",
    "sana'a",
    "raymah",
    "amanat al asimah",
    "al dhale'e"
  ],
  "hadramaut": [
    "shabwah",
    "al maharah",
    "al bayda",
    "marib",
    "abyan"
  ],
  "hajjah": [
    "al mahwit",
    "amran",
    "amanat al asimah",
    "sana'a",
    "raymah"
  ],
  "ibb": [
    "taizz",
    "al dhale'e",
    "dhamar",
    "raymah",
    "lahj"
  ],
  "lahj": [
    "aden",
    "abyan",
    "al dhale'e",
    "taizz",
    "ibb"
  ],
  "marib": [
    "sana'a",
    "al jawf",
    "amanat al asimah",
    "dhamar",
    "amran"
  ],
  "raymah": [
    "al hudaydah",
    "al mahwit",
    "dhamar",
    "amanat al asimah",
    "ibb"
  ],
  "sana'a": [
    "amanat al asimah",
    "amran",
    "dhamar",
    "marib",
    "al mahwit"
  ],
  "shabwah": [
    "al bayda",
    "marib",
    "abyan",
    "hadramaut",
    "al dhale'e"
  ],
  "socotra": [
    "al maharah",
    "hadramaut",
    "shabwah",
    "al bayda",
    "abyan"
  ],
  "taizz": [
    "ibb",
    "al dhale'e",
    "lahj",
    "dhamar",
    "raymah"
  ]
}