region_id,date,avg_conflict_intensity
abyan,2020-07-01,7.2964134000000005
abyan,2020-08-01,8.050703
abyan,2020-09-01,7.080026599999999
abyan,2020-10-01,7.166266
abyan,2020-11-01,9.2222691
abyan,2020-12-01,8.2615261
abyan,2021-01-01,4.4773369
abyan,2021-02-01,5.480639
abyan,2021-03-01,6.182084999999999
abyan,2021-04-01,6.9421568
abyan,2021-05-01,5.0238805
abyan,2021-06-01,4.4773369
abyan,2021-07-01,6.0354815
abyan,2021-08-01,4.6539602
abyan,2021-09-01,5.768321
abyan,2021-10-01,2.4849067
abyan,2021-11-01,4.0943446
abyan,2021-12-01,4.7874918
abyan,2022-01-01,5.7170277
abyan,2022-02-01,5.4116459
abyan,2022-03-01,6.4692502
abyan,2022-04-01,3.2958369
abyan,2022-05-01,3.4965076
abyan,2022-06-01,6.0520892
abyan,2022-07-01,2.8903718
abyan,2022-08-01,4.9052749
abyan,2022-09-01,8.0149965
abyan,2022-10-01,7.154615399999999
abyan,2022-11-01,7.4085307
abyan,2022-12-01,6.7334018
abyan,2023-01-01,6.553933600000001
abyan,2023-02-01,6.2538290000000005
abyan,2023-03-01,6.6280413
abyan,2023-04-01,6.0306854
abyan,2023-05-01,6.4583383
abyan,2023-06-01,5.4116459
abyan,2023-07-01,8.0023594
abyan,2023-08-01,7.6343374
abyan,2023-09-01,7.52564
abyan,2023-10-01,5.8861041
abyan,2023-11-01,4.0253515
abyan,2023-12-01,1.9459101
abyan,2024-01-01,5.0751739
abyan,2024-02-01,4.8362818
abyan,2024-03-01,5.5333896
abyan,2024-04-01,6.3243589
abyan,2024-05-01,3.8066626000000006
aden,2020-07-01,5.8081427
aden,2020-08-01,6.8023949
aden,2020-09-01,5.556828
aden,2020-10-01,6.0402546
aden,2020-11-01,6.2915692
aden,2020-12-01,7.4395595
aden,2021-01-01,5.57973
aden,2021-02-01,5.9914646
aden,2021-03-01,5.480639
aden,2021-04-01,5.5529594
aden,2021-05-01,3.9889841
aden,2021-06-01,5.8230457
aden,2021-07-01,3.1780539
aden,2021-08-01,4.8202815
aden,2021-09-01,7.0066953
aden,2021-10-01,6.8490663
aden,2021-11-01,5.6094718
aden,2021-12-01,4.7004805
aden,2022-01-01,4.8903489
aden,2022-02-01,4.7361984
aden,2022-03-01,5.6629605
aden,2022-04-01,2.6390574
aden,2022-05-01,5.2781148
aden,2022-06-01,5.5984221
aden,2022-07-01,5.7807436
aden,2022-08-01,4.4308167
aden,2022-09-01,2.6390574
aden,2022-10-01,2.0794415
aden,2022-11-01,4.4998097
aden,2022-12-01,3.6888795
aden,2023-01-01,3.6375860999999996
aden,2023-02-01,6.4707994
aden,2023-03-01,5.1929569
aden,2023-04-01,3.5553482
aden,2023-05-01,2.7080503
aden,2023-06-01,5.1647859
aden,2023-07-01,3.6109178000000006
aden,2023-08-01,5.1059456
aden,2023-09-01,5.8861041
aden,2023-10-01,3.4965076
aden,2023-11-01,4.6539602
aden,2023-12-01,4.5538769
aden,2024-01-01,3.9120231
aden,2024-02-01,3.6635616000000004
aden,2024-03-01,2.8903718
aden,2024-04-01,3.1780539
aden,2024-05-01,4.8121843
al bayda,2020-07-01,7.7698011
al bayda,2020-08-01,10.358504
al bayda,2020-09-01,8.7438507
al bayda,2020-10-01,6.89467
al bayda,2020-11-01,7.2211051
al bayda,2020-12-01,5.6524892
al bayda,2021-01-01,7.5755849
al bayda,2021-02-01,3.583519
al bayda,2021-03-01,7.2276626
al bayda,2021-04-01,6.709304300000001
al bayda,2021-05-01,7.3975616
al bayda,2021-06-01,5.480639
al bayda,2021-07-01,10.774948
al bayda,2021-08-01,7.601402300000001
al bayda,2021-09-01,7.643961899999999
al bayda,2021-10-01,5.2729998
al bayda,2021-11-01,8.5686464
al bayda,2021-12-01,2.0794415
al bayda,2022-01-01,8.7347212
al bayda,2022-02-01,5.7745514
al bayda,2022-03-01,6.8585649
al bayda,2022-04-01,5.2311087
al bayda,2022-05-01,5.1357985
al bayda,2022-06-01,5.2574954
al bayda,2022-07-01,6.2383246
al bayda,2022-08-01,4.6443911
al bayda,2022-09-01,4.2766662
al bayda,2022-10-01,4.3944492
al bayda,2022-11-01,2.9957323
al bayda,2022-12-01,4.2766662
al bayda,2023-01-01,4.1743875
al bayda,2023-02-01,4.5849676
al bayda,2023-03-01,2.8903718
al bayda,2023-04-01,5.1059456
al bayda,2023-05-01,5.1357985
al bayda,2023-06-01,3.7376697
al bayda,2023-07-01,4.6051702
al bayda,2023-08-01,5.5984221
al bayda,2023-09-01,4.1896548
al bayda,2023-10-01,5.2574954
al bayda,2023-11-01,5.1416636
al bayda,2023-12-01,4.9052749
al bayda,2024-01-01,6.1800165
al bayda,2024-02-01,7.0121155
al bayda,2024-03-01,6.8134445999999995
al bayda,2024-04-01,5.9814143
al bayda,2024-05-01,4.7184987
al dhale'e,2020-07-01,9.5661945
al dhale'e,2020-08-01,9.8116465
al dhale'e,2020-09-01,9.9185734
al dhale'e,2020-10-01,9.353054
al dhale'e,2020-11-01,8.3893595
al dhale'e,2020-12-01,9.1576777
al dhale'e,2021-01-01,8.0443058
al dhale'e,2021-02-01,8.1693363
al dhale'e,2021-03-01,6.896694200000001
al dhale'e,2021-04-01,8.8056746
al dhale'e,2021-05-01,8.12148
al dhale'e,2021-06-01,7.0900769
al dhale'e,2021-07-01,6.553933599999999
al dhale'e,2021-08-01,7.700748
al dhale'e,2021-09-01,6.3561077
al dhale'e,2021-10-01,6.927557899999999
al dhale'e,2021-11-01,7.7424021
al dhale'e,2021-12-01,2.6390574
al dhale'e,2022-01-01,5.1059456
al dhale'e,2022-02-01,7.4944301
al dhale'e,2022-03-01,5.9989367
al dhale'e,2022-04-01,6.473890800000001
al dhale'e,2022-05-01,6.897705099999999
al dhale'e,2022-06-01,7.1244783
al dhale'e,2022-07-01,6.5820251
al dhale'e,2022-08-01,3.9889841000000006
al dhale'e,2022-09-01,6.7019606
al dhale'e,2022-10-01,6.9196839
al dhale'e,2022-11-01,6.651571800000001
al dhale'e,2022-12-01,7.7106533
al dhale'e,2023-01-01,6.0402546
al dhale'e,2023-02-01,6.659294099999999
al dhale'e,2023-03-01,7.3827462
al dhale'e,2023-04-01,5.1059456
al dhale'e,2023-05-01,5.9506426
al dhale'e,2023-06-01,6.1355648
al dhale'e,2023-07-01,6.3868794
al dhale'e,2023-08-01,5.6524892
al dhale'e,2023-09-01,6.6821084
al dhale'e,2023-10-01,7.2751722
al dhale'e,2023-11-01,6.6437898
al dhale'e,2023-12-01,6.3767271
al dhale'e,2024-01-01,4.6443911
al dhale'e,2024-02-01,4.1896548
al dhale'e,2024-03-01,7.9929447
al dhale'e,2024-04-01,5.8861041
al dhale'e,2024-05-01,5.4424176
al hudaydah,2020-07-01,11.204659
al hudaydah,2020-08-01,11.021347
al hudaydah,2020-09-01,10.556334
al hudaydah,2020-10-01,11.385864
al hudaydah,2020-11-01,10.572342
al hudaydah,2020-12-01,10.672948
al hudaydah,2021-01-01,11.006888
al hudaydah,2021-02-01,11.112567
al hudaydah,2021-03-01,11.299893
al hudaydah,2021-04-01,11.055166
al hudaydah,2021-05-01,10.944047
al hudaydah,2021-06-01,10.765998
al hudaydah,2021-07-01,10.716039
al hudaydah,2021-08-01,10.68992
al hudaydah,2021-09-01,10.455388
al hudaydah,2021-10-01,10.521965
al hudaydah,2021-11-01,11.179912
al hudaydah,2021-12-01,9.5449533
al hudaydah,2022-01-01,8.6860914
al hudaydah,2022-02-01,7.189922299999999
al hudaydah,2022-03-01,7.426549
al hudaydah,2022-04-01,7.380878900000001
al hudaydah,2022-05-01,8.4838428
al hudaydah,2022-06-01,7.218909699999999
al hudaydah,2022-07-01,7.9054418
al hudaydah,2022-08-01,7.7731738
al hudaydah,2022-09-01,8.1897993
al hudaydah,2022-10-01,5.31812
al hudaydah,2022-11-01,7.262628600000001
al hudaydah,2022-12-01,7.9487386
al hudaydah,2023-01-01,8.7585697
al hudaydah,2023-02-01,7.3562799
al hudaydah,2023-03-01,7.738488199999999
al hudaydah,2023-04-01,6.2690964
al hudaydah,2023-05-01,7.7025561
al hudaydah,2023-06-01,6.8221974
al hudaydah,2023-07-01,7.3251491
al hudaydah,2023-08-01,7.9391589
al hudaydah,2023-09-01,6.368186999999999
al hudaydah,2023-10-01,7.321188399999999
al hudaydah,2023-11-01,7.9120569
al hudaydah,2023-12-01,6.122492799999999
al hudaydah,2024-01-01,7.668093699999999
al hudaydah,2024-02-01,4.0073333
al hudaydah,2024-03-01,6.0980744
al hudaydah,2024-04-01,5.5834961
al hudaydah,2024-05-01,6.8511848
al jawf,2020-07-01,8.0261698
al jawf,2020-08-01,9.6514301
al jawf,2020-09-01,9.6795311
al jawf,2020-10-01,10.295867
al jawf,2020-11-01,9.7819977
al jawf,2020-12-01,8.7624893
al jawf,2021-01-01,7.780720700000001
al jawf,2021-02-01,8.9352455
al jawf,2021-03-01,7.7731738
al jawf,2021-04-01,8.0443058
al jawf,2021-05-01,8.704668
al jawf,2021-06-01,8.9718294
al jawf,2021-07-01,7.7832241
al jawf,2021-08-01,8.2238951
al jawf,2021-09-01,7.0066953
al jawf,2021-10-01,8.6033707
al jawf,2021-11-01,8.1122284
al jawf,2021-12-01,9.6973858
al jawf,2022-01-01,7.365812799999999
al jawf,2022-02-01,7.515344600000001
al jawf,2022-03-01,6.5279579
al jawf,2022-04-01,6.962243599999999
al jawf,2022-05-01,4.8520303
al jawf,2022-06-01,4.356709
al jawf,2022-07-01,4.3944492
al jawf,2022-08-01,2.8903718
al jawf,2022-09-01,4.1896548
al jawf,2022-10-01,3.2958369
al jawf,2022-11-01,7.265429499999999
al jawf,2022-12-01,5.8861041
al jawf,2023-01-01,6.8793559
al jawf,2023-02-01,6.89467
al jawf,2023-03-01,4.6443911
al jawf,2023-04-01,5.2882671
al jawf,2023-05-01,5.9914646
al jawf,2023-06-01,4.0253515
al jawf,2023-07-01,5.0814042
al jawf,2023-08-01,6.0402546
al jawf,2023-09-01,1.3862944
al jawf,2023-10-01,4.1743875
al jawf,2023-11-01,5.1239638
al jawf,2023-12-01,1.9459101
al jawf,2024-01-01,6.5875502
al jawf,2024-02-01,6.7428808
al jawf,2024-03-01,7.3987861
al jawf,2024-04-01,6.6280413
al jawf,2024-05-01,6.7417006
al maharah,2020-07-01,1.3862944
al maharah,2020-08-01,1.6094379
al maharah,2020-09-01,1.0986123
al maharah,2020-10-01,3.583519
al maharah,2020-11-01,2.1972246
al maharah,2020-12-01,1.7917595
al maharah,2021-01-01,1.0986123
al maharah,2021-02-01,0.0
al maharah,2021-03-01,1.7917595
al maharah,2021-04-01,1.0986123
al maharah,2021-05-01,0.0
al maharah,2021-06-01,0.0
al maharah,2021-07-01,0.0
al maharah,2021-08-01,0.0
al maharah,2021-09-01,0.0
al maharah,2021-10-01,0.0
al maharah,2021-11-01,0.0
al maharah,2021-12-01,0.0
al maharah,2022-01-01,0.0
al maharah,2022-02-01,1.0986123
al maharah,2022-03-01,0.69314718
al maharah,2022-04-01,0.0
al maharah,2022-05-01,1.3862944
al maharah,2022-06-01,0.0
al maharah,2022-07-01,1.3862944
al maharah,2022-08-01,0.0
al maharah,2022-09-01,1.0986123
al maharah,2022-10-01,0.69314718
al maharah,2022-11-01,1.0986123
al maharah,2022-12-01,1.9459101
al maharah,2023-01-01,1.0986123
al maharah,2023-02-01,0.69314718
al maharah,2023-03-01,1.6094379
al maharah,2023-04-01,1.3862944
al maharah,2023-05-01,0.0
al maharah,2023-06-01,1.0986123
al maharah,2023-07-01,0.0
al maharah,2023-08-01,1.6094379
al maharah,2023-09-01,1.3862944
al maharah,2023-10-01,0.69314718
al maharah,2023-11-01,0.69314718
al maharah,2023-12-01,0.69314718
al maharah,2024-01-01,2.4849067
al maharah,2024-02-01,0.0
al maharah,2024-03-01,0.69314718
al maharah,2024-04-01,1.3862944
al maharah,2024-05-01,0.0
al mahwit,2020-07-01,0.0
al mahwit,2020-08-01,0.0
al mahwit,2020-09-01,0.0
al mahwit,2020-10-01,0.0
al mahwit,2020-11-01,1.0986123
al mahwit,2020-12-01,0.0
al mahwit,2021-01-01,2.8332133
al mahwit,2021-02-01,2.1972246
al mahwit,2021-03-01,1.0986123
al mahwit,2021-04-01,1.0986123
al mahwit,2021-05-01,2.8903718
al mahwit,2021-06-01,1.0986123
al mahwit,2021-07-01,0.0
al mahwit,2021-08-01,0.0
al mahwit,2021-09-01,0.0
al mahwit,2021-10-01,0.0
al mahwit,2021-11-01,0.0
al mahwit,2021-12-01,3.3322046
al mahwit,2022-01-01,0.0
al mahwit,2022-02-01,0.0
al mahwit,2022-03-01,0.69314718
al mahwit,2022-04-01,0.69314718
al mahwit,2022-05-01,0.0
al mahwit,2022-06-01,0.69314718
al mahwit,2022-07-01,2.0794415
al mahwit,2022-08-01,0.0
al mahwit,2022-09-01,3.4965076
al mahwit,2022-10-01,0.0
al mahwit,2022-11-01,1.0986123
al mahwit,2022-12-01,0.69314718
al mahwit,2023-01-01,1.7917595000000002
al mahwit,2023-02-01,2.1972246
al mahwit,2023-03-01,2.1972246
al mahwit,2023-04-01,0.69314718
al mahwit,2023-05-01,1.9459101
al mahwit,2023-06-01,0.0
al mahwit,2023-07-01,0.69314718
al mahwit,2023-08-01,2.1972246
al mahwit,2023-09-01,1.6094379
al mahwit,2023-10-01,2.6390574
al mahwit,2023-11-01,2.5649493
al mahwit,2023-12-01,2.3978953
al mahwit,2024-01-01,2.9957323
al mahwit,2024-02-01,3.3322046
al mahwit,2024-03-01,3.6888795
al mahwit,2024-04-01,3.3322046
al mahwit,2024-05-01,4.4773369
amanat al asimah,2020-07-01,0.0
amanat al asimah,2020-08-01,0.0
amanat al asimah,2020-09-01,0.0
amanat al asimah,2020-10-01,0.0
amanat al asimah,2020-11-01,0.0
amanat al asimah,2020-12-01,0.0
amanat al asimah,2021-01-01,0.0
amanat al asimah,2021-02-01,0.0
amanat al asimah,2021-03-01,0.0
amanat al asimah,2021-04-01,0.0
amanat al asimah,2021-05-01,0.0
amanat al asimah,2021-06-01,0.0
amanat al asimah,2021-07-01,0.0
amanat al asimah,2021-08-01,0.0
amanat al asimah,2021-09-01,0.0
amanat al asimah,2021-10-01,0.0
amanat al asimah,2021-11-01,0.0
amanat al asimah,2021-12-01,0.0
amanat al asimah,2022-01-01,0.0
amanat al asimah,2022-02-01,0.0
amanat al asimah,2022-03-01,0.0
amanat al asimah,2022-04-01,0.0
amanat al asimah,2022-05-01,0.0
amanat al asimah,2022-06-01,0.0
amanat al asimah,2022-07-01,0.0
amanat al asimah,2022-08-01,0.0
amanat al asimah,2022-09-01,0.0
amanat al asimah,2022-10-01,0.0
amanat al asimah,2022-11-01,0.0
amanat al asimah,2022-12-01,0.0
amanat al asimah,2023-01-01,0.0
amanat al asimah,2023-02-01,0.0
amanat al asimah,2023-03-01,0.0
amanat al asimah,2023-04-01,0.0
amanat al asimah,2023-05-01,0.0
amanat al asimah,2023-06-01,0.0
amanat al asimah,2023-07-01,0.0
amanat al asimah,2023-08-01,0.0
amanat al asimah,2023-09-01,0.0
amanat al asimah,2023-10-01,0.0
amanat al asimah,2023-11-01,0.0
amanat al asimah,2023-12-01,0.0
amanat al asimah,2024-01-01,0.0
amanat al asimah,2024-02-01,0.0
amanat al asimah,2024-03-01,0.0
amanat al asimah,2024-04-01,0.0
amanat al asimah,2024-05-01,0.0
amran,2020-07-01,4.7004805
amran,2020-08-01,1.0986123
amran,2020-09-01,1.9459101
amran,2020-10-01,1.3862944
amran,2020-11-01,1.6094379
amran,2020-12-01,2.7080503
amran,2021-01-01,3.4011974
amran,2021-02-01,3.3322046
amran,2021-03-01,2.3978953
amran,2021-04-01,2.1972246
amran,2021-05-01,1.7917595000000002
amran,2021-06-01,0.69314718
amran,2021-07-01,1.0986123
amran,2021-08-01,2.1972246
amran,2021-09-01,2.0794415
amran,2021-10-01,0.0
amran,2021-11-01,1.3862944
amran,2021-12-01,2.3025851
amran,2022-01-01,4.0253515
amran,2022-02-01,3.7376697
amran,2022-03-01,3.4011974
amran,2022-04-01,2.3025851
amran,2022-05-01,0.69314718
amran,2022-06-01,4.2766662
amran,2022-07-01,5.5412636
amran,2022-08-01,2.4849067
amran,2022-09-01,1.6094379
amran,2022-10-01,1.3862944
amran,2022-11-01,0.69314718
amran,2022-12-01,3.6888795
amran,2023-01-01,1.7917595000000002
amran,2023-02-01,2.0794415
amran,2023-03-01,4.2766662
amran,2023-04-01,2.0794415
amran,2023-05-01,3.1780539
amran,2023-06-01,4.0253515
amran,2023-07-01,2.4849067
amran,2023-08-01,4.0253515
amran,2023-09-01,0.69314718
amran,2023-10-01,2.7725887
amran,2023-11-01,3.5835190000000003
amran,2023-12-01,2.5649493
amran,2024-01-01,3.5263605000000005
amran,2024-02-01,6.1675167
amran,2024-03-01,5.2149358
amran,2024-04-01,5.3471074
amran,2024-05-01,6.779922000000001
dhamar,2020-07-01,6.1484685
dhamar,2020-08-01,3.4011974
dhamar,2020-09-01,2.0794415
dhamar,2020-10-01,3.2958369
dhamar,2020-11-01,4.1588831
dhamar,2020-12-01,2.8903718
dhamar,2021-01-01,3.871201
dhamar,2021-02-01,2.4849067
dhamar,2021-03-01,1.3862944
dhamar,2021-04-01,2.4849067
dhamar,2021-05-01,3.8918202
dhamar,2021-06-01,1.3862944
dhamar,2021-07-01,2.9957323
dhamar,2021-08-01,1.7917595000000002
dhamar,2021-09-01,3.2188758999999996
dhamar,2021-10-01,1.0986123
dhamar,2021-11-01,1.7917595000000002
dhamar,2021-12-01,2.1972246
dhamar,2022-01-01,2.3978953
dhamar,2022-02-01,0.0
dhamar,2022-03-01,1.0986123
dhamar,2022-04-01,2.0794415
dhamar,2022-05-01,2.9957323
dhamar,2022-06-01,3.7376697
dhamar,2022-07-01,2.7725887
dhamar,2022-08-01,1.0986123
dhamar,2022-09-01,4.1431346
dhamar,2022-10-01,2.3025851
dhamar,2022-11-01,1.0986123
dhamar,2022-12-01,5.0498562
dhamar,2023-01-01,2.7080503
dhamar,2023-02-01,3.4965076
dhamar,2023-03-01,5.3471074
dhamar,2023-04-01,2.0794415
dhamar,2023-05-01,4.1743875
dhamar,2023-06-01,1.3862944
dhamar,2023-07-01,0.69314718
dhamar,2023-08-01,2.9957323
dhamar,2023-09-01,3.2958369
dhamar,2023-10-01,4.9836068
dhamar,2023-11-01,4.1431346
dhamar,2023-12-01,3.4011974
dhamar,2024-01-01,4.6728287
dhamar,2024-02-01,5.0689044
dhamar,2024-03-01,5.1239638
dhamar,2024-04-01,4.7535901
dhamar,2024-05-01,5.6629605
hadramaut,2020-07-01,4.1743875
hadramaut,2020-08-01,3.583519
hadramaut,2020-09-01,3.3322046
hadramaut,2020-10-01,2.7080503
hadramaut,2020-11-01,3.0445225
hadramaut,2020-12-01,3.5263605000000005
hadramaut,2021-01-01,4.0253515
hadramaut,2021-02-01,2.1972246
hadramaut,2021-03-01,3.9889841
hadramaut,2021-04-01,2.1972246
hadramaut,2021-05-01,3.2188758999999996
hadramaut,2021-06-01,2.1972246
hadramaut,2021-07-01,2.7725887
hadramaut,2021-08-01,3.4011974
hadramaut,2021-09-01,5.4930615
hadramaut,2021-10-01,4.1896548
hadramaut,2021-11-01,2.6390574
hadramaut,2021-12-01,2.4849067
hadramaut,2022-01-01,2.3025851
hadramaut,2022-02-01,3.8066626000000006
hadramaut,2022-03-01,3.4657359
hadramaut,2022-04-01,4.0943446
hadramaut,2022-05-01,3.0445225
hadramaut,2022-06-01,4.4998097
hadramaut,2022-07-01,4.6821313
hadramaut,2022-08-01,2.8903718
hadramaut,2022-09-01,5.3471074
hadramaut,2022-10-01,2.5649493
hadramaut,2022-11-01,2.7080503
hadramaut,2022-12-01,4.59512
hadramaut,2023-01-01,2.8332133
hadramaut,2023-02-01,4.0943446
hadramaut,2023-03-01,3.2580965
hadramaut,2023-04-01,1.3862944
hadramaut,2023-05-01,4.6539602
hadramaut,2023-06-01,3.1780539
hadramaut,2023-07-01,2.6390574
hadramaut,2023-08-01,4.3438053
hadramaut,2023-09-01,2.3978953
hadramaut,2023-10-01,3.1780539
hadramaut,2023-11-01,1.9459101
hadramaut,2023-12-01,1.6094379
hadramaut,2024-01-01,3.0445225
hadramaut,2024-02-01,0.69314718
hadramaut,2024-03-01,1.6094379
hadramaut,2024-04-01,3.4011974
hadramaut,2024-05-01,2.7080503
hajjah,2020-07-01,7.2930179
hajjah,2020-08-01,3.4011974
hajjah,2020-09-01,2.9957323
hajjah,2020-10-01,6.429719399999999
hajjah,2020-11-01,5.5333896
hajjah,2020-12-01,2.6390574
hajjah,2021-01-01,2.8903718
hajjah,2021-02-01,3.9889841000000006
hajjah,2021-03-01,9.1893206
hajjah,2021-04-01,5.7525725
hajjah,2021-05-01,5.1239638
hajjah,2021-06-01,4.4426513
hajjah,2021-07-01,2.0794415
hajjah,2021-08-01,4.2484951
hajjah,2021-09-01,5.0106354
hajjah,2021-10-01,3.9120231
hajjah,2021-11-01,2.7080503
hajjah,2021-12-01,6.896694200000001
hajjah,2022-01-01,8.1763916
hajjah,2022-02-01,11.213171
hajjah,2022-03-01,10.775388
hajjah,2022-04-01,3.9512436
hajjah,2022-05-01,4.1896548
hajjah,2022-06-01,6.2690964
hajjah,2022-07-01,6.4599047
hajjah,2022-08-01,6.616065000000001
hajjah,2022-09-01,5.7807436
hajjah,2022-10-01,4.0253515
hajjah,2022-11-01,3.0445225
hajjah,2022-12-01,3.9120231
hajjah,2023-01-01,3.7612002
hajjah,2023-02-01,4.6539602
hajjah,2023-03-01,3.4965076
hajjah,2023-04-01,2.4849067
hajjah,2023-05-01,3.871201
hajjah,2023-06-01,2.1972246
hajjah,2023-07-01,2.8332133
hajjah,2023-08-01,1.0986123
hajjah,2023-09-01,3.871201
hajjah,2023-10-01,4.6151204
hajjah,2023-11-01,4.1896548
hajjah,2023-12-01,4.356709
hajjah,2024-01-01,6.3243589
hajjah,2024-02-01,6.253829
hajjah,2024-03-01,3.8286414
hajjah,2024-04-01,4.1743875
hajjah,2024-05-01,5.31812
ibb,2020-07-01,5.5134287
ibb,2020-08-01,4.4998097
ibb,2020-09-01,4.2766662
ibb,2020-10-01,4.6821313
ibb,2020-11-01,5.480639
ibb,2020-12-01,5.6347895
ibb,2021-01-01,5.1059456
ibb,2021-02-01,5.5606818
ibb,2021-03-01,4.6821313
ibb,2021-04-01,6.089045
ibb,2021-05-01,2.3025851
ibb,2021-06-01,4.6821313
ibb,2021-07-01,0.0
ibb,2021-08-01,3.1780539
ibb,2021-09-01,1.0986123
ibb,2021-10-01,0.0
ibb,2021-11-01,3.0445225
ibb,2021-12-01,0.0
ibb,2022-01-01,4.4773369
ibb,2022-02-01,2.1972246
ibb,2022-03-01,5.3471074
ibb,2022-04-01,5.768321
ibb,2022-05-01,5.0304379
ibb,2022-06-01,5.0751739
ibb,2022-07-01,4.9126549
ibb,2022-08-01,2.6390574
ibb,2022-09-01,5.3423343
ibb,2022-10-01,5.0434251
ibb,2022-11-01,5.7365723
ibb,2022-12-01,2.6390574
ibb,2023-01-01,5.3375382
ibb,2023-02-01,5.4467373
ibb,2023-03-01,6.0088134
ibb,2023-04-01,4.6443911
ibb,2023-05-01,5.3471074
ibb,2023-06-01,5.7430034
ibb,2023-07-01,4.4308167
ibb,2023-08-01,5.7300997
ibb,2023-09-01,5.8861041
ibb,2023-10-01,6.8997231
ibb,2023-11-01,4.882802
ibb,2023-12-01,6.302619
ibb,2024-01-01,4.4773369
ibb,2024-02-01,5.3471074
ibb,2024-03-01,4.59512
ibb,2024-04-01,4.7095304
ibb,2024-05-01,5.2470241
lahj,2020-07-01,6.1484685
lahj,2020-08-01,4.0253515
lahj,2020-09-01,6.1312265
lahj,2020-10-01,5.0304379
lahj,2020-11-01,3.4011974
lahj,2020-12-01,3.6888795
lahj,2021-01-01,4.1896548
lahj,2021-02-01,3.871201
lahj,2021-03-01,6.4361506
lahj,2021-04-01,6.0684257
lahj,2021-05-01,4.1588831
lahj,2021-06-01,2.6390574
lahj,2021-07-01,4.1896548
lahj,2021-08-01,7.071573299999999
lahj,2021-09-01,3.2958369
lahj,2021-10-01,5.2882671
lahj,2021-11-01,6.5102582
lahj,2021-12-01,4.0073333
lahj,2022-01-01,5.5984221
lahj,2022-02-01,4.7874918
lahj,2022-03-01,5.6835799
lahj,2022-04-01,3.5835190000000003
lahj,2022-05-01,4.6443911
lahj,2022-06-01,4.8675346
lahj,2022-07-01,4.2766662
lahj,2022-08-01,2.4849067
lahj,2022-09-01,3.871201
lahj,2022-10-01,7.009409
lahj,2022-11-01,6.7334018
lahj,2022-12-01,5.3375382
lahj,2023-01-01,6.545349599999999
lahj,2023-02-01,5.1239638
lahj,2023-03-01,5.3375382
lahj,2023-04-01,5.1357985
lahj,2023-05-01,5.9814143
lahj,2023-06-01,6.5820251
lahj,2023-07-01,6.9431224
lahj,2023-08-01,6.7979403000000005
lahj,2023-09-01,5.5606818
lahj,2023-10-01,4.2484951
lahj,2023-11-01,1.6094379
lahj,2023-12-01,5.2781148
lahj,2024-01-01,4.0253515
lahj,2024-02-01,4.7184987
lahj,2024-03-01,5.2729998
lahj,2024-04-01,6.329720999999999
lahj,2024-05-01,5.5606818
marib,2020-07-01,11.008447
marib,2020-08-01,11.367761
marib,2020-09-01,12.021657
marib,2020-10-01,11.191646
marib,2020-11-01,11.303685
marib,2020-12-01,10.461731
marib,2021-01-01,10.547339
marib,2021-02-01,12.381898
marib,2021-03-01,12.558914
marib,2021-04-01,11.982998
marib,2021-05-01,11.085338
marib,2021-06-01,11.192389
marib,2021-07-01,11.072869
marib,2021-08-01,10.906469
marib,2021-09-01,11.415896
marib,2021-10-01,12.239029
marib,2021-11-01,12.325343
marib,2021-12-01,12.090353
marib,2022-01-01,12.182599
marib,2022-02-01,10.751714
marib,2022-03-01,11.026239
marib,2022-04-01,9.4723969
marib,2022-05-01,8.2610102
marib,2022-06-01,8.1662159
marib,2022-07-01,7.3827462
marib,2022-08-01,8.0677757
marib,2022-09-01,7.4354382
marib,2022-10-01,6.363028
marib,2022-11-01,7.009409
marib,2022-12-01,7.4383836
marib,2023-01-01,8.225503
marib,2023-02-01,7.3466554
marib,2023-03-01,9.1373396
marib,2023-04-01,7.3211884
marib,2023-05-01,7.1716566
marib,2023-06-01,6.0306854
marib,2023-07-01,7.555381800000001
marib,2023-08-01,6.8793559
marib,2023-09-01,4.6249728
marib,2023-10-01,6.476972599999999
marib,2023-11-01,7.6553907
marib,2023-12-01,6.0614572
marib,2024-01-01,7.841493099999999
marib,2024-02-01,6.9957662
marib,2024-03-01,6.8243737
marib,2024-04-01,6.2989492
marib,2024-05-01,6.982862899999999
raymah,2020-07-01,0.0
raymah,2020-08-01,0.0
raymah,2020-09-01,0.0
raymah,2020-10-01,2.4849067
raymah,2020-11-01,0.0
raymah,2020-12-01,1.0986123
raymah,2021-01-01,1.7917595000000002
raymah,2021-02-01,2.0794415
raymah,2021-03-01,1.6094379
raymah,2021-04-01,0.0
raymah,2021-05-01,1.0986123
raymah,2021-06-01,0.0
raymah,2021-07-01,1.6094379
raymah,2021-08-01,0.0
raymah,2021-09-01,0.0
raymah,2021-10-01,0.0
raymah,2021-11-01,0.69314718
raymah,2021-12-01,0.0
raymah,2022-01-01,0.0
raymah,2022-02-01,0.0
raymah,2022-03-01,0.69314718
raymah,2022-04-01,3.8918202
raymah,2022-05-01,3.2188758999999996
raymah,2022-06-01,2.8903718
raymah,2022-07-01,0.69314718
raymah,2022-08-01,1.3862944
raymah,2022-09-01,0.69314718
raymah,2022-10-01,1.0986123
raymah,2022-11-01,0.69314718
raymah,2022-12-01,1.0986123
raymah,2023-01-01,1.0986123
raymah,2023-02-01,1.9459101
raymah,2023-03-01,1.9459101
raymah,2023-04-01,0.69314718
raymah,2023-05-01,4.59512
raymah,2023-06-01,1.3862944
raymah,2023-07-01,2.0794415
raymah,2023-08-01,0.69314718
raymah,2023-09-01,1.9459101
raymah,2023-10-01,2.5649493
raymah,2023-11-01,2.8332133
raymah,2023-12-01,3.2958369
raymah,2024-01-01,4.3820267
raymah,2024-02-01,3.1780539
raymah,2024-03-01,2.8903718
raymah,2024-04-01,2.4849067
raymah,2024-05-01,3.4011974
sana'a,2020-07-01,4.6968307
sana'a,2020-08-01,4.0839745857142855
sana'a,2020-09-01,5.4120841
sana'a,2020-10-01,5.2587957
sana'a,2020-11-01,6.158918899999999
sana'a,2020-12-01,4.6597767
sana'a,2021-01-01,3.4381323
sana'a,2021-02-01,5.2555385
sana'a,2021-03-01,7.0631322999999995
sana'a,2021-04-01,4.2310514
sana'a,2021-05-01,3.7800403
sana'a,2021-06-01,3.0742342
sana'a,2021-07-01,1.5890269
sana'a,2021-08-01,3.7862514999999997
sana'a,2021-09-01,4.2484951
sana'a,2021-10-01,3.5938286999999995
sana'a,2021-11-01,3.7132745
sana'a,2021-12-01,4.2142901
sana'a,2022-01-01,5.0942955
sana'a,2022-02-01,3.5450385
sana'a,2022-03-01,4.8948793
sana'a,2022-04-01,3.6684684999999995
sana'a,2022-05-01,2.9753213
sana'a,2022-06-01,3.0546237999999994
sana'a,2022-07-01,2.0715673
sana'a,2022-08-01,3.8198211
sana'a,2022-09-01,3.0868931
sana'a,2022-10-01,4.4731874
sana'a,2022-11-01,3.3807864
sana'a,2022-12-01,2.6287477
sana'a,2023-01-01,4.6491756
sana'a,2023-02-01,3.7813405999999996
sana'a,2023-03-01,2.585242
sana'a,2023-04-01,3.0523964999999995
sana'a,2023-05-01,4.0943446
sana'a,2023-06-01,4.943069
sana'a,2023-07-01,4.1958151
sana'a,2023-08-01,3.4488525
sana'a,2023-09-01,2.2499049
sana'a,2023-10-01,4.0114484
sana'a,2023-11-01,3.3140206
sana'a,2023-12-01,3.6361991999999996
sana'a,2024-01-01,4.3403358
sana'a,2024-02-01,2.7647145
sana'a,2024-03-01,3.6838543000000006
sana'a,2024-04-01,2.3937459
sana'a,2024-05-01,5.307188
shabwah,2020-07-01,5.7525725
shabwah,2020-08-01,5.2311087
shabwah,2020-09-01,6.5875502
shabwah,2020-10-01,5.4116459
shabwah,2020-11-01,5.2983174
shabwah,2020-12-01,3.2580964999999997
shabwah,2021-01-01,4.8675346
shabwah,2021-02-01,5.1239638
shabwah,2021-03-01,4.7874918
shabwah,2021-04-01,4.356709
shabwah,2021-05-01,5.4553213
shabwah,2021-06-01,3.9120231
shabwah,2021-07-01,5.7235851
shabwah,2021-08-01,4.0943446
shabwah,2021-09-01,7.3258076
shabwah,2021-10-01,7.0900769
shabwah,2021-11-01,5.8348107
shabwah,2021-12-01,8.8616333
shabwah,2022-01-01,11.24054
shabwah,2022-02-01,6.5366917
shabwah,2022-03-01,4.4773369
shabwah,2022-04-01,3.4011974
shabwah,2022-05-01,5.5834961
shabwah,2022-06-01,6.2915692
shabwah,2022-07-01,5.4116459
shabwah,2022-08-01,9.3143396
shabwah,2022-09-01,5.3132062
shabwah,2022-10-01,6.089045
shabwah,2022-11-01,6.684611800000001
shabwah,2022-12-01,4.3820267
shabwah,2023-01-01,6.0520892
shabwah,2023-02-01,3.3322046
shabwah,2023-03-01,7.1483459
shabwah,2023-04-01,5.7235851
shabwah,2023-05-01,6.440946600000001
shabwah,2023-06-01,6.661854700000001
shabwah,2023-07-01,5.2781148
shabwah,2023-08-01,6.2915692
shabwah,2023-09-01,6.6333184
shabwah,2023-10-01,5.4424176
shabwah,2023-11-01,4.3438053
shabwah,2023-12-01,4.9767337
shabwah,2024-01-01,8.0407686
shabwah,2024-02-01,4.7449322
shabwah,2024-03-01,4.9904327
shabwah,2024-04-01,4.9904327
shabwah,2024-05-01,6.1862087
socotra,2020-07-01,2.0794415
socotra,2020-08-01,1.3862944
socotra,2020-09-01,2.7725887
socotra,2020-10-01,0.69314718
socotra,2020-11-01,1.6094379
socotra,2020-12-01,1.7917595
socotra,2021-01-01,0.0
socotra,2021-02-01,0.0
socotra,2021-03-01,0.69314718
socotra,2021-04-01,0.69314718
socotra,2021-05-01,0.0
socotra,2021-06-01,0.0
socotra,2021-07-01,1.0986123
socotra,2021-08-01,0.6931471799999999
socotra,2021-09-01,2.0794415
socotra,2021-10-01,0.0
socotra,2021-11-01,1.0986123
socotra,2021-12-01,0.69314718
socotra,2022-01-01,0.0
socotra,2022-02-01,0.0
socotra,2022-03-01,1.0986123
socotra,2022-04-01,0.0
socotra,2022-05-01,1.3862944
socotra,2022-06-01,0.0
socotra,2022-07-01,0.69314718
socotra,2022-08-01,0.0
socotra,2022-09-01,0.0
socotra,2022-10-01,0.0
socotra,2022-11-01,0.0
socotra,2022-12-01,0.0
socotra,2023-01-01,0.0
socotra,2023-02-01,0.0
socotra,2023-03-01,0.0
socotra,2023-04-01,0.0
socotra,2023-05-01,0.69314718
socotra,2023-06-01,0.69314718
socotra,2023-07-01,0.0
socotra,2023-08-01,0.0
socotra,2023-09-01,0.0
socotra,2023-10-01,0.0
socotra,2023-11-01,0.69314718
socotra,2023-12-01,0.0
socotra,2024-01-01,0.0
socotra,2024-02-01,1.0986123
socotra,2024-03-01,0.0
socotra,2024-04-01,0.0
socotra,2024-05-01,0.69314718
taizz,2020-07-01,9.2667208
taizz,2020-08-01,7.8785343
taizz,2020-09-01,9.0758944
taizz,2020-10-01,9.3148804
taizz,2020-11-01,9.9642067
taizz,2020-12-01,8.0326853
taizz,2021-01-01,8.8586531
taizz,2021-02-01,7.305188199999999
taizz,2021-03-01,11.654608
taizz,2021-04-01,9.3429461
taizz,2021-05-01,8.1684866
taizz,2021-06-01,6.5012898
taizz,2021-07-01,7.2100797
taizz,2021-08-01,8.4499846
taizz,2021-09-01,8.1034946
taizz,2021-10-01,9.3076487
taizz,2021-11-01,8.9365616
taizz,2021-12-01,10.183011
taizz,2022-01-01,8.6161327
taizz,2022-02-01,9.9642067
taizz,2022-03-01,7.8272409
taizz,2022-04-01,7.8648038
taizz,2022-05-01,8.2297773
taizz,2022-06-01,8.2466955
taizz,2022-07-01,8.6961756
taizz,2022-08-01,8.6625051
taizz,2022-09-01,8.1291752
taizz,2022-10-01,8.7505245
taizz,2022-11-01,9.2402878
taizz,2022-12-01,7.344718899999999
taizz,2023-01-01,9.071538
taizz,2023-02-01,8.7323046
taizz,2023-03-01,8.6217337
taizz,2023-04-01,8.1633711
taizz,2023-05-01,8.7170267
taizz,2023-06-01,7.3562799
taizz,2023-07-01,8.6461143
taizz,2023-08-01,8.3380661
taizz,2023-09-01,7.8079166
taizz,2023-10-01,7.2598195
taizz,2023-11-01,6.8564620000000005
taizz,2023-12-01,6.8977051000000005
taizz,2024-01-01,7.6591716
taizz,2024-02-01,7.6530204
taizz,2024-03-01,6.226536800000001
taizz,2024-04-01,7.5347629
taizz,2024-05-01,7.9508548
