region_id,date,price_change_pct
abyan,2020-07-01,136.56912075596153
abyan,2020-08-01,128.110877505953
abyan,2020-09-01,110.37160998549113
abyan,2020-10-01,114.28513376687685
abyan,2020-11-01,111.78564327122922
abyan,2020-12-01,119.23488664862026
abyan,2021-01-01,112.9439384685561
abyan,2021-02-01,100.9563114236841
abyan,2021-03-01,100.89736284520006
abyan,2021-04-01,125.00216576896976
abyan,2021-05-01,133.4798807095256
abyan,2021-06-01,152.5794823691156
abyan,2021-07-01,152.2090963043783
abyan,2021-08-01,116.4909864991477
abyan,2021-09-01,107.25948229081409
abyan,2021-10-01,103.70813832806546
abyan,2021-11-01,97.87699604012808
abyan,2021-12-01,91.12399914045912
abyan,2022-01-01,93.31382895839162
abyan,2022-02-01,93.26318028987997
abyan,2022-03-01,97.54224279796348
abyan,2022-04-01,93.76188021394056
abyan,2022-05-01,93.69393266559345
abyan,2022-06-01,86.44200497153192
abyan,2022-07-01,89.06194186011541
abyan,2022-08-01,87.65887605358364
abyan,2022-09-01,94.45415182691342
abyan,2022-10-01,107.887331915052
abyan,2022-11-01,131.36908489274032
abyan,2022-12-01,116.17350652200797
abyan,2023-01-01,113.59804141742444
abyan,2023-02-01,113.85642790394638
abyan,2023-03-01,116.71922063482548
abyan,2023-04-01,123.6593443925512
abyan,2023-05-01,114.33041929895619
abyan,2023-06-01,116.60384513388553
abyan,2023-07-01,110.85035432140664
abyan,2023-08-01,121.99253162854814
abyan,2023-09-01,126.13314396756638
abyan,2023-10-01,138.25256365052505
abyan,2023-11-01,118.98424464324981
abyan,2023-12-01,124.67397379937135
abyan,2024-01-01,120.87201759504403
abyan,2024-02-01,129.68757047131615
abyan,2024-03-01,131.25499397140715
abyan,2024-04-01,130.94833861673973
abyan,2024-05-01,129.64683803544781
aden,2020-07-01,223.3877301981715
aden,2020-08-01,185.4184042311231
aden,2020-09-01,170.24788098436358
aden,2020-10-01,172.07861308050377
aden,2020-11-01,184.19721788661877
aden,2020-12-01,223.26964595882535
aden,2021-01-01,193.9868959489831
aden,2021-02-01,154.43203502202834
aden,2021-03-01,141.60383969227874
aden,2021-04-01,136.6974422425518
aden,2021-05-01,189.4847141669107
aden,2021-06-01,242.95744532173143
aden,2021-07-01,354.0938819087876
aden,2021-08-01,208.88817738579803
aden,2021-09-01,179.05630521444982
aden,2021-10-01,159.7647070226148
aden,2021-11-01,156.36229848408308
aden,2021-12-01,163.37967135959605
aden,2022-01-01,186.460390578337
aden,2022-02-01,196.0723462692146
aden,2022-03-01,199.95446281127693
aden,2022-04-01,179.52478130701394
aden,2022-05-01,169.46581673895292
aden,2022-06-01,153.32297176676934
aden,2022-07-01,152.14614253347332
aden,2022-08-01,149.6666535267205
aden,2022-09-01,156.9643535372522
aden,2022-10-01,181.48894875857326
aden,2022-11-01,235.3813767628588
aden,2022-12-01,204.9186657228513
aden,2023-01-01,184.6288784000565
aden,2023-02-01,143.7335419090645
aden,2023-03-01,128.06517429350865
aden,2023-04-01,131.2835005715704
aden,2023-05-01,127.77599037002234
aden,2023-06-01,136.91513812647798
aden,2023-07-01,140.29075989628558
aden,2023-08-01,165.9333333786782
aden,2023-09-01,180.7821714478812
aden,2023-10-01,237.92426862111915
aden,2023-11-01,171.2093148255263
aden,2023-12-01,164.75556959645056
aden,2024-01-01,148.42343237715136
aden,2024-02-01,165.40973315410454
aden,2024-03-01,177.00891884964426
aden,2024-04-01,198.8938548325272
aden,2024-05-01,203.67282173340507
al bayda,2020-07-01,215.85782378017578
al bayda,2020-08-01,191.39087396476862
al bayda,2020-09-01,186.55132087885235
al bayda,2020-10-01,166.64638141635737
al bayda,2020-11-01,177.25633564830173
al bayda,2020-12-01,186.24895518815575
al bayda,2021-01-01,192.21603118056123
al bayda,2021-02-01,181.33242640200038
al bayda,2021-03-01,171.03518321854875
al bayda,2021-04-01,165.3503828129182
al bayda,2021-05-01,178.48919276630323
al bayda,2021-06-01,199.7275305532051
al bayda,2021-07-01,186.2330079275221
al bayda,2021-08-01,184.55713645152176
al bayda,2021-09-01,173.87633262932388
al bayda,2021-10-01,175.87371103906088
al bayda,2021-11-01,160.10548743154698
al bayda,2021-12-01,148.78494036077285
al bayda,2022-01-01,163.39011691288653
al bayda,2022-02-01,173.4080938023893
al bayda,2022-03-01,180.41696879939914
al bayda,2022-04-01,166.68427088096502
al bayda,2022-05-01,161.3970997720404
al bayda,2022-06-01,152.06358819877536
al bayda,2022-07-01,157.31986997140365
al bayda,2022-08-01,165.09071292934763
al bayda,2022-09-01,173.82742210575205
al bayda,2022-10-01,211.58260255950646
al bayda,2022-11-01,233.42277327433794
al bayda,2022-12-01,208.0691458218423
al bayda,2023-01-01,171.19969526423654
al bayda,2023-02-01,153.07340094382775
al bayda,2023-03-01,146.87709104488832
al bayda,2023-04-01,171.85927421103955
al bayda,2023-05-01,188.3213753485531
al bayda,2023-06-01,199.29731639499744
al bayda,2023-07-01,213.5127020919098
al bayda,2023-08-01,234.10213832949142
al bayda,2023-09-01,244.88079344551448
al bayda,2023-10-01,272.26105994319244
al bayda,2023-11-01,264.173466390694
al bayda,2023-12-01,236.84932382478559
al bayda,2024-01-01,237.21791364056912
al bayda,2024-02-01,258.47907208753395
al bayda,2024-03-01,302.64705304822047
al bayda,2024-04-01,307.0734797369545
al bayda,2024-05-01,293.6926548911546
al dhale'e,2020-07-01,207.78524093726867
al dhale'e,2020-08-01,172.0789705667455
al dhale'e,2020-09-01,149.10008281529963
al dhale'e,2020-10-01,141.03547890174553
al dhale'e,2020-11-01,154.16084441780808
al dhale'e,2020-12-01,182.9675011400503
al dhale'e,2021-01-01,171.17855598606923
al dhale'e,2021-02-01,155.12223346462858
al dhale'e,2021-03-01,146.6683571267718
al dhale'e,2021-04-01,186.48963783166573
al dhale'e,2021-05-01,195.90054947884275
al dhale'e,2021-06-01,225.0941338692682
al dhale'e,2021-07-01,243.9747857500942
al dhale'e,2021-08-01,182.14658681290183
al dhale'e,2021-09-01,159.25864821821312
al dhale'e,2021-10-01,142.69180231294158
al dhale'e,2021-11-01,129.7710843168576
al dhale'e,2021-12-01,112.98661188694389
al dhale'e,2022-01-01,116.62694487480348
al dhale'e,2022-02-01,109.21845743997385
al dhale'e,2022-03-01,116.3290074071277
al dhale'e,2022-04-01,112.14984264464348
al dhale'e,2022-05-01,119.06861721152946
al dhale'e,2022-06-01,123.2247321621334
al dhale'e,2022-07-01,137.2320198217451
al dhale'e,2022-08-01,142.84863915692466
al dhale'e,2022-09-01,159.64241664382493
al dhale'e,2022-10-01,187.22136265371253
al dhale'e,2022-11-01,263.3278342900007
al dhale'e,2022-12-01,217.6650640525776
al dhale'e,2023-01-01,189.98801370850214
al dhale'e,2023-02-01,146.62740162656848
al dhale'e,2023-03-01,149.65651188081875
al dhale'e,2023-04-01,150.33195025756925
al dhale'e,2023-05-01,143.15195751335287
al dhale'e,2023-06-01,145.43871855375497
al dhale'e,2023-07-01,136.98356727789044
al dhale'e,2023-08-01,154.92672456722363
al dhale'e,2023-09-01,165.8351592547644
al dhale'e,2023-10-01,195.656034632493
al dhale'e,2023-11-01,149.23951683087776
al dhale'e,2023-12-01,154.83607655262165
al dhale'e,2024-01-01,150.78512647422127
al dhale'e,2024-02-01,170.7389230193896
al dhale'e,2024-03-01,176.09092832515717
al dhale'e,2024-04-01,180.515823537461
al dhale'e,2024-05-01,181.34656559771156
al hudaydah,2020-07-01,176.82345535134928
al hudaydah,2020-08-01,153.8894010782366
al hudaydah,2020-09-01,136.09600814898224
al hudaydah,2020-10-01,133.25640855667075
al hudaydah,2020-11-01,143.61844972790036
al hudaydah,2020-12-01,162.67590146621546
al hudaydah,2021-01-01,158.74344486742496
al hudaydah,2021-02-01,145.58199941035127
al hudaydah,2021-03-01,139.92456480645134
al hudaydah,2021-04-01,146.3701507970765
al hudaydah,2021-05-01,164.2871012883928
al hudaydah,2021-06-01,174.59632028315357
al hudaydah,2021-07-01,177.63973156200808
al hudaydah,2021-08-01,168.5543168028386
al hudaydah,2021-09-01,168.27921029740818
al hudaydah,2021-10-01,169.06462823119142
al hudaydah,2021-11-01,157.04916869248848
al hudaydah,2021-12-01,146.4784896870123
al hudaydah,2022-01-01,162.77482931477513
al hudaydah,2022-02-01,167.1086403394285
al hudaydah,2022-03-01,163.68820584001162
al hudaydah,2022-04-01,142.5758246761033
al hudaydah,2022-05-01,139.76166629480554
al hudaydah,2022-06-01,130.66042740257285
al hudaydah,2022-07-01,133.79777800238213
al hudaydah,2022-08-01,121.02605602640035
al hudaydah,2022-09-01,124.39663806554879
al hudaydah,2022-10-01,128.04311076587535
al hudaydah,2022-11-01,151.76040251416137
al hudaydah,2022-12-01,142.26665619772763
al hudaydah,2023-01-01,127.37055108723135
al hudaydah,2023-02-01,119.38039814486257
al hudaydah,2023-03-01,121.74938998948682
al hudaydah,2023-04-01,142.11382213710172
al hudaydah,2023-05-01,137.87203674743387
al hudaydah,2023-06-01,133.9554574772495
al hudaydah,2023-07-01,138.75889894081746
al hudaydah,2023-08-01,159.96285575982017
al hudaydah,2023-09-01,170.74161680959406
al hudaydah,2023-10-01,185.36756576889542
al hudaydah,2023-11-01,155.60069499517635
al hudaydah,2023-12-01,155.13597980576972
al hudaydah,2024-01-01,151.39610332634396
al hudaydah,2024-02-01,163.7269031550806
al hudaydah,2024-03-01,173.0331376411552
al hudaydah,2024-04-01,180.4967863860434
al hudaydah,2024-05-01,176.41859377155453
al jawf,2020-07-01,159.18168724538884
al jawf,2020-08-01,136.27158354253604
al jawf,2020-09-01,138.1967625427874
al jawf,2020-10-01,128.19360141941345
al jawf,2020-11-01,148.02059817657647
al jawf,2020-12-01,170.8501277531197
al jawf,2021-01-01,188.1066393146486
al jawf,2021-02-01,191.06984458956657
al jawf,2021-03-01,175.53961029089905
al jawf,2021-04-01,161.41449081562058
al jawf,2021-05-01,169.15421815519912
al jawf,2021-06-01,194.74362355174367
al jawf,2021-07-01,200.4986621576655
al jawf,2021-08-01,180.70305499251978
al jawf,2021-09-01,189.5980277857095
al jawf,2021-10-01,157.17421996383217
al jawf,2021-11-01,136.6858022906851
al jawf,2021-12-01,120.52121860220726
al jawf,2022-01-01,126.87696816117318
al jawf,2022-02-01,133.8409893078496
al jawf,2022-03-01,138.49163438253868
al jawf,2022-04-01,132.11270199099334
al jawf,2022-05-01,133.17199393679803
al jawf,2022-06-01,139.4307701319842
al jawf,2022-07-01,151.90296970029817
al jawf,2022-08-01,170.34093265496193
al jawf,2022-09-01,172.57374597023176
al jawf,2022-10-01,213.62207724970057
al jawf,2022-11-01,252.93063391275368
al jawf,2022-12-01,233.63002039946386
al jawf,2023-01-01,195.98657739170253
al jawf,2023-02-01,161.09645776037698
al jawf,2023-03-01,166.62743248813052
al jawf,2023-04-01,166.49831038524687
al jawf,2023-05-01,177.5643821337412
al jawf,2023-06-01,180.47916536539293
al jawf,2023-07-01,189.46413760010591
al jawf,2023-08-01,203.46736868521484
al jawf,2023-09-01,215.0862174757655
al jawf,2023-10-01,250.1667923646071
al jawf,2023-11-01,203.79080616126822
al jawf,2023-12-01,191.1009045974326
al jawf,2024-01-01,175.96298876662505
al jawf,2024-02-01,191.24790779604473
al jawf,2024-03-01,220.76526923190386
al jawf,2024-04-01,251.9335325716839
al jawf,2024-05-01,250.28024530532895
al maharah,2020-07-01,176.01779662363612
al maharah,2020-08-01,172.23572902726846
al maharah,2020-09-01,149.65136221699984
al maharah,2020-10-01,144.0461436070065
al maharah,2020-11-01,154.53207999484664
al maharah,2020-12-01,169.4508775548642
al maharah,2021-01-01,151.6654009920756
al maharah,2021-02-01,139.03449558229332
al maharah,2021-03-01,138.7301079914686
al maharah,2021-04-01,141.66114939234913
al maharah,2021-05-01,168.64902171356178
al maharah,2021-06-01,168.07822025505087
al maharah,2021-07-01,181.39430524217755
al maharah,2021-08-01,152.22276162461577
al maharah,2021-09-01,153.00601714476332
al maharah,2021-10-01,142.57943950523102
al maharah,2021-11-01,125.91496200689244
al maharah,2021-12-01,112.24326001999728
al maharah,2022-01-01,117.96451011551407
al maharah,2022-02-01,134.43671122499168
al maharah,2022-03-01,132.5255015083581
al maharah,2022-04-01,125.60660146725068
al maharah,2022-05-01,112.50339884507103
al maharah,2022-06-01,110.07552155416244
al maharah,2022-07-01,115.20010806397259
al maharah,2022-08-01,120.61418762901292
al maharah,2022-09-01,123.66640815490636
al maharah,2022-10-01,132.97563790498688
al maharah,2022-11-01,142.3586555815109
al maharah,2022-12-01,138.64077750551718
al maharah,2023-01-01,136.3589348031353
al maharah,2023-02-01,127.24731964351447
al maharah,2023-03-01,125.98200203123476
al maharah,2023-04-01,127.33816319485229
al maharah,2023-05-01,128.77702596490522
al maharah,2023-06-01,130.80918093960165
al maharah,2023-07-01,135.13401590226013
al maharah,2023-08-01,138.84762338767567
al maharah,2023-09-01,142.72919792478802
al maharah,2023-10-01,151.883577394444
al maharah,2023-11-01,152.21931363007624
al maharah,2023-12-01,150.20205027465929
al maharah,2024-01-01,143.41609645664553
al maharah,2024-02-01,145.9213220501875
al maharah,2024-03-01,154.12636395815545
al maharah,2024-04-01,158.42752489128836
al maharah,2024-05-01,158.0597532755489
al mahwit,2020-07-01,169.34815902928395
al mahwit,2020-08-01,151.4864161006525
al mahwit,2020-09-01,139.2229865335106
al mahwit,2020-10-01,137.72608674749898
al mahwit,2020-11-01,145.73251538967102
al mahwit,2020-12-01,145.86926218260174
al mahwit,2021-01-01,138.34837732660768
al mahwit,2021-02-01,130.90261588115482
al mahwit,2021-03-01,129.8127669063675
al mahwit,2021-04-01,133.99596543881623
al mahwit,2021-05-01,142.01817588733948
al mahwit,2021-06-01,149.009607398162
al mahwit,2021-07-01,151.202767543068
al mahwit,2021-08-01,139.62281892203805
al mahwit,2021-09-01,146.47181458120446
al mahwit,2021-10-01,134.28581255765144
al mahwit,2021-11-01,130.34305724620003
al mahwit,2021-12-01,127.27979292445492
al mahwit,2022-01-01,132.20445628958734
al mahwit,2022-02-01,121.94712652003648
al mahwit,2022-03-01,125.33617415295863
al mahwit,2022-04-01,114.20875112362307
al mahwit,2022-05-01,126.7245367271564
al mahwit,2022-06-01,133.82900809734235
al mahwit,2022-07-01,143.50491074651686
al mahwit,2022-08-01,146.89000121349778
al mahwit,2022-09-01,147.680153302524
al mahwit,2022-10-01,168.92794873761864
al mahwit,2022-11-01,170.8534222079896
al mahwit,2022-12-01,152.99430945078007
al mahwit,2023-01-01,141.89344247439504
al mahwit,2023-02-01,174.74368349377184
al mahwit,2023-03-01,195.28640036921618
al mahwit,2023-04-01,181.18242150598022
al mahwit,2023-05-01,160.45425823650862
al mahwit,2023-06-01,152.0815821262083
al mahwit,2023-07-01,154.68462779658591
al mahwit,2023-08-01,182.92406334817633
al mahwit,2023-09-01,197.54562339060817
al mahwit,2023-10-01,209.33031339863
al mahwit,2023-11-01,193.63030817474495
al mahwit,2023-12-01,185.91812622491042
al mahwit,2024-01-01,196.39362748811652
al mahwit,2024-02-01,216.60477962758168
al mahwit,2024-03-01,251.4978476335172
al mahwit,2024-04-01,230.48461628615502
al mahwit,2024-05-01,213.27768622926754
amanat al asimah,2020-07-01,190.70270267680047
amanat al asimah,2020-08-01,156.85314361959473
amanat al asimah,2020-09-01,154.76843433911898
amanat al asimah,2020-10-01,147.96869302800525
amanat al asimah,2020-11-01,180.12759050139954
amanat al asimah,2020-12-01,195.07466761974536
amanat al asimah,2021-01-01,203.44881640874837
amanat al asimah,2021-02-01,207.2368988752109
amanat al asimah,2021-03-01,211.63971341613242
amanat al asimah,2021-04-01,227.61193401396469
amanat al asimah,2021-05-01,255.22612479506392
amanat al asimah,2021-06-01,303.6463854645129
amanat al asimah,2021-07-01,309.3109386206693
amanat al asimah,2021-08-01,259.09668552773417
amanat al asimah,2021-09-01,238.44836764681872
amanat al asimah,2021-10-01,216.76794177338843
amanat al asimah,2021-11-01,191.610368722289
amanat al asimah,2021-12-01,169.3404903179897
amanat al asimah,2022-01-01,166.98112776391008
amanat al asimah,2022-02-01,179.3189527239247
amanat al asimah,2022-03-01,178.0007845087667
amanat al asimah,2022-04-01,170.65343838582805
amanat al asimah,2022-05-01,162.78806037726085
amanat al asimah,2022-06-01,175.54362330716793
amanat al asimah,2022-07-01,192.07062779426914
amanat al asimah,2022-08-01,212.1098845747343
amanat al asimah,2022-09-01,221.64318302059957
amanat al asimah,2022-10-01,251.51002528927478
amanat al asimah,2022-11-01,300.91759913355384
amanat al asimah,2022-12-01,281.32016334118856
amanat al asimah,2023-01-01,278.3782977322148
amanat al asimah,2023-02-01,191.49673621536346
amanat al asimah,2023-03-01,187.83428384528085
amanat al asimah,2023-04-01,175.26690881062868
amanat al asimah,2023-05-01,198.12684653903312
amanat al asimah,2023-06-01,201.1860535354669
amanat al asimah,2023-07-01,225.88513060404483
amanat al asimah,2023-08-01,283.2261701609167
amanat al asimah,2023-09-01,300.56718157569406
amanat al asimah,2023-10-01,364.1037642276061
amanat al asimah,2023-11-01,274.67199085957657
amanat al asimah,2023-12-01,263.62296846825546
amanat al asimah,2024-01-01,251.37773654251197
amanat al asimah,2024-02-01,292.2953682236614
amanat al asimah,2024-03-01,366.36903027134076
amanat al asimah,2024-04-01,406.95066992432777
amanat al asimah,2024-05-01,400.3575395008765
amran,2020-07-01,173.10114935800618
amran,2020-08-01,166.82320526634038
amran,2020-09-01,155.6941748292828
amran,2020-10-01,164.61041795341905
amran,2020-11-01,152.31122636291855
amran,2020-12-01,158.47728201100347
amran,2021-01-01,151.24970670567322
amran,2021-02-01,154.09886719818985
amran,2021-03-01,149.85209789932242
amran,2021-04-01,145.6386180399966
amran,2021-05-01,158.41472120246667
amran,2021-06-01,174.34532521761352
amran,2021-07-01,178.87603804607096
amran,2021-08-01,167.7964942745201
amran,2021-09-01,162.8427690932641
amran,2021-10-01,140.3292934629692
amran,2021-11-01,130.23492508787518
amran,2021-12-01,113.37109127693422
amran,2022-01-01,124.32142483995614
amran,2022-02-01,122.76504261287367
amran,2022-03-01,126.37368311213243
amran,2022-04-01,118.13719834547507
amran,2022-05-01,124.66646427023022
amran,2022-06-01,134.3014555326632
amran,2022-07-01,148.30679463123946
amran,2022-08-01,149.633774696634
amran,2022-09-01,152.30660399824902
amran,2022-10-01,178.15836174729083
amran,2022-11-01,196.58164083431097
amran,2022-12-01,182.91118824670977
amran,2023-01-01,164.81143416474382
amran,2023-02-01,170.45048932767153
amran,2023-03-01,190.57020152756982
amran,2023-04-01,177.76278655515765
amran,2023-05-01,163.1917383719931
amran,2023-06-01,152.80884479990485
amran,2023-07-01,149.81673707737323
amran,2023-08-01,166.48070483073
amran,2023-09-01,189.7307857596676
amran,2023-10-01,204.54293019038275
amran,2023-11-01,190.78376707638398
amran,2023-12-01,187.29397887749585
amran,2024-01-01,186.9783181140919
amran,2024-02-01,208.33868529410847
amran,2024-03-01,247.44132517469097
amran,2024-04-01,227.72547103789063
amran,2024-05-01,222.97844855853552
dhamar,2020-07-01,148.5103254300481
dhamar,2020-08-01,144.64391953530418
dhamar,2020-09-01,150.42089045859126
dhamar,2020-10-01,146.60306588662246
dhamar,2020-11-01,142.1939933591308
dhamar,2020-12-01,141.138947456644
dhamar,2021-01-01,139.32658327795394
dhamar,2021-02-01,128.56430437377685
dhamar,2021-03-01,120.5101829825322
dhamar,2021-04-01,131.07480351901268
dhamar,2021-05-01,162.75556733990348
dhamar,2021-06-01,226.40741688576932
dhamar,2021-07-01,230.93325525703162
dhamar,2021-08-01,200.10185351483787
dhamar,2021-09-01,199.85764659031204
dhamar,2021-10-01,202.74009899920887
dhamar,2021-11-01,210.4096172242474
dhamar,2021-12-01,209.40093821547643
dhamar,2022-01-01,236.22169020403297
dhamar,2022-02-01,232.4774170221594
dhamar,2022-03-01,219.18165244440738
dhamar,2022-04-01,188.00418037585763
dhamar,2022-05-01,163.44377190029368
dhamar,2022-06-01,150.0556735390088
dhamar,2022-07-01,148.69850559329103
dhamar,2022-08-01,148.82819825793726
dhamar,2022-09-01,150.59920490847048
dhamar,2022-10-01,175.2266729851479
dhamar,2022-11-01,196.48814869527268
dhamar,2022-12-01,175.68687187399823
dhamar,2023-01-01,159.2857164859632
dhamar,2023-02-01,141.48367435462154
dhamar,2023-03-01,145.1099360122503
dhamar,2023-04-01,169.42459790962752
dhamar,2023-05-01,180.62995183086642
dhamar,2023-06-01,166.86284918677285
dhamar,2023-07-01,172.06657465606136
dhamar,2023-08-01,208.63197462108297
dhamar,2023-09-01,249.11681802363645
dhamar,2023-10-01,262.5413056576008
dhamar,2023-11-01,184.20089115760197
dhamar,2023-12-01,187.4445949888163
dhamar,2024-01-01,192.07180992617438
dhamar,2024-02-01,213.00758953236067
dhamar,2024-03-01,257.183624023785
dhamar,2024-04-01,256.2873230738175
dhamar,2024-05-01,258.52380709034406
hadramaut,2020-07-01,127.58033795336401
hadramaut,2020-08-01,125.47043284276693
hadramaut,2020-09-01,124.68733138859788
hadramaut,2020-10-01,125.84814232173206
hadramaut,2020-11-01,130.29557966025922
hadramaut,2020-12-01,153.079803958377
hadramaut,2021-01-01,136.89249475654347
hadramaut,2021-02-01,124.36331915319947
hadramaut,2021-03-01,119.52293888673486
hadramaut,2021-04-01,120.20594774269226
hadramaut,2021-05-01,158.26815202541457
hadramaut,2021-06-01,186.9247250286638
hadramaut,2021-07-01,222.57860571498324
hadramaut,2021-08-01,167.4152775893035
hadramaut,2021-09-01,139.61077219534886
hadramaut,2021-10-01,125.84378608134234
hadramaut,2021-11-01,126.52703025009292
hadramaut,2021-12-01,128.274517560453
hadramaut,2022-01-01,140.507437512984
hadramaut,2022-02-01,126.7184348475386
hadramaut,2022-03-01,133.28638503074683
hadramaut,2022-04-01,122.17059788462694
hadramaut,2022-05-01,122.56397038069352
hadramaut,2022-06-01,118.63334114273668
hadramaut,2022-07-01,121.89221613841126
hadramaut,2022-08-01,119.15855662485913
hadramaut,2022-09-01,122.38336882507299
hadramaut,2022-10-01,150.56005731757654
hadramaut,2022-11-01,194.57644695705673
hadramaut,2022-12-01,150.68769524424118
hadramaut,2023-01-01,134.97318288234248
hadramaut,2023-02-01,136.3002807704325
hadramaut,2023-03-01,132.60632148638751
hadramaut,2023-04-01,132.062575178537
hadramaut,2023-05-01,119.1321669570888
hadramaut,2023-06-01,120.22472061978581
hadramaut,2023-07-01,116.96114887007546
hadramaut,2023-08-01,127.02456689316291
hadramaut,2023-09-01,139.8121248716258
hadramaut,2023-10-01,159.11221821111215
hadramaut,2023-11-01,134.34153207122932
hadramaut,2023-12-01,131.36577963882422
hadramaut,2024-01-01,120.01994074163953
hadramaut,2024-02-01,121.43207864253141
hadramaut,2024-03-01,121.66728007824882
hadramaut,2024-04-01,127.76120302834094
hadramaut,2024-05-01,128.65143738216878
hajjah,2020-07-01,147.22966795741357
hajjah,2020-08-01,129.93598620867195
hajjah,2020-09-01,127.32193782413403
hajjah,2020-10-01,125.68610246633325
hajjah,2020-11-01,135.60557268997962
hajjah,2020-12-01,131.5060050356772
hajjah,2021-01-01,132.33165228870857
hajjah,2021-02-01,125.84888855519341
hajjah,2021-03-01,126.01792478508999
hajjah,2021-04-01,128.51108317495226
hajjah,2021-05-01,135.33966452739617
hajjah,2021-06-01,148.90131440332885
hajjah,2021-07-01,150.80357014686243
hajjah,2021-08-01,154.94257931069893
hajjah,2021-09-01,156.2282838582203
hajjah,2021-10-01,154.09212163132838
hajjah,2021-11-01,146.68860158326387
hajjah,2021-12-01,140.79621659607798
hajjah,2022-01-01,146.86567127918215
hajjah,2022-02-01,143.98591723055853
hajjah,2022-03-01,139.88913492216852
hajjah,2022-04-01,125.89992424920206
hajjah,2022-05-01,129.09482621799634
hajjah,2022-06-01,135.19616657615114
hajjah,2022-07-01,146.58805350903077
hajjah,2022-08-01,149.96990066877223
hajjah,2022-09-01,151.59434724033594
hajjah,2022-10-01,169.87053365987134
hajjah,2022-11-01,181.58893255134578
hajjah,2022-12-01,176.14763006010406
hajjah,2023-01-01,160.93785568820692
hajjah,2023-02-01,171.0654019480505
hajjah,2023-03-01,187.2970130996862
hajjah,2023-04-01,180.27460549430404
hajjah,2023-05-01,172.53680636159228
hajjah,2023-06-01,164.31054311337294
hajjah,2023-07-01,169.53134627465516
hajjah,2023-08-01,187.6635148887711
hajjah,2023-09-01,197.97203228399493
hajjah,2023-10-01,207.27425414707355
hajjah,2023-11-01,182.78324928934427
hajjah,2023-12-01,184.244876169365
hajjah,2024-01-01,198.1319526407393
hajjah,2024-02-01,230.98374397890137
hajjah,2024-03-01,287.2192408582308
hajjah,2024-04-01,255.94681398656968
hajjah,2024-05-01,248.01952637502433
ibb,2020-07-01,245.40506271181772
ibb,2020-08-01,209.36133476548267
ibb,2020-09-01,174.2575804882117
ibb,2020-10-01,164.40367419736776
ibb,2020-11-01,194.08554500425848
ibb,2020-12-01,216.73279404565523
ibb,2021-01-01,211.29039034947172
ibb,2021-02-01,187.5897027291089
ibb,2021-03-01,203.4147612225594
ibb,2021-04-01,210.40647119330066
ibb,2021-05-01,244.00431657830705
ibb,2021-06-01,243.55540097820517
ibb,2021-07-01,239.20105013612297
ibb,2021-08-01,211.65354348287786
ibb,2021-09-01,213.15236222199542
ibb,2021-10-01,191.643965192977
ibb,2021-11-01,173.3969368894641
ibb,2021-12-01,165.87575913712297
ibb,2022-01-01,163.429848203138
ibb,2022-02-01,164.7676175346454
ibb,2022-03-01,154.92014223193263
ibb,2022-04-01,143.2393447265924
ibb,2022-05-01,143.549803621997
ibb,2022-06-01,162.55139259566107
ibb,2022-07-01,178.4256244514471
ibb,2022-08-01,178.37041673798822
ibb,2022-09-01,184.02437119838063
ibb,2022-10-01,191.5340590868043
ibb,2022-11-01,216.90019951946357
ibb,2022-12-01,181.1489921598316
ibb,2023-01-01,169.1591909895761
ibb,2023-02-01,156.3195701851584
ibb,2023-03-01,164.3331912235023
ibb,2023-04-01,175.41808610487428
ibb,2023-05-01,175.26342056809148
ibb,2023-06-01,168.90198208351063
ibb,2023-07-01,172.53178011666338
ibb,2023-08-01,213.56135363266094
ibb,2023-09-01,236.85452997462698
ibb,2023-10-01,327.192844645856
ibb,2023-11-01,219.89400189901798
ibb,2023-12-01,208.15156783146094
ibb,2024-01-01,199.6512006516083
ibb,2024-02-01,215.8869626626967
ibb,2024-03-01,228.3624651980439
ibb,2024-04-01,241.0172883955911
ibb,2024-05-01,248.45163179970308
lahj,2020-07-01,165.6396754893155
lahj,2020-08-01,162.16750318976656
lahj,2020-09-01,137.47003069716766
lahj,2020-10-01,150.5606224879181
lahj,2020-11-01,156.1518262491382
lahj,2020-12-01,213.35403661979961
lahj,2021-01-01,188.63755117762534
lahj,2021-02-01,171.53860415950666
lahj,2021-03-01,162.83651247371424
lahj,2021-04-01,210.19259266816897
lahj,2021-05-01,229.0328265992491
lahj,2021-06-01,259.07282441589376
lahj,2021-07-01,238.91197772510117
lahj,2021-08-01,200.27842635888547
lahj,2021-09-01,177.73409032850824
lahj,2021-10-01,166.63677240761166
lahj,2021-11-01,158.10603689503375
lahj,2021-12-01,146.24951855531978
lahj,2022-01-01,148.00142663184556
lahj,2022-02-01,132.37879507106558
lahj,2022-03-01,135.91204711884015
lahj,2022-04-01,129.4504193116175
lahj,2022-05-01,126.5340802101398
lahj,2022-06-01,116.59181036544148
lahj,2022-07-01,118.70242052083677
lahj,2022-08-01,114.0902880121909
lahj,2022-09-01,121.14874715262724
lahj,2022-10-01,127.70630931570415
lahj,2022-11-01,151.78624392666902
lahj,2022-12-01,131.04894935570087
lahj,2023-01-01,126.11376850033028
lahj,2023-02-01,118.1915355648854
lahj,2023-03-01,117.20606952203735
lahj,2023-04-01,132.5726582961623
lahj,2023-05-01,128.8405830677027
lahj,2023-06-01,129.97554069977178
lahj,2023-07-01,124.34799394453928
lahj,2023-08-01,142.22626573155844
lahj,2023-09-01,153.96873091980265
lahj,2023-10-01,194.5917976547891
lahj,2023-11-01,155.66413992563145
lahj,2023-12-01,143.92639679752241
lahj,2024-01-01,129.333230105941
lahj,2024-02-01,138.50853499442093
lahj,2024-03-01,140.1065482893258
lahj,2024-04-01,147.43796939276154
lahj,2024-05-01,146.34637303647597
marib,2020-07-01,182.69833983450843
marib,2020-08-01,162.62696294143475
marib,2020-09-01,138.63612601255522
marib,2020-10-01,151.1081127288261
marib,2020-11-01,210.51332771854692
marib,2020-12-01,214.66599406281904
marib,2021-01-01,143.50059998772286
marib,2021-02-01,122.68355574173299
marib,2021-03-01,121.60065693508348
marib,2021-04-01,123.22991358591555
marib,2021-05-01,151.41186124869714
marib,2021-06-01,191.16660263771047
marib,2021-07-01,285.45636208696527
marib,2021-08-01,208.85237487995693
marib,2021-09-01,179.958499245736
marib,2021-10-01,128.48703511973977
marib,2021-11-01,127.06394577925649
marib,2021-12-01,116.26633866473182
marib,2022-01-01,189.99536180537808
marib,2022-02-01,163.52775643695605
marib,2022-03-01,168.4074253478819
marib,2022-04-01,152.27390447234933
marib,2022-05-01,152.2058686620695
marib,2022-06-01,150.0449913466242
marib,2022-07-01,163.0599150837731
marib,2022-08-01,160.0997670912729
marib,2022-09-01,166.8157813286846
marib,2022-10-01,239.71436713150175
marib,2022-11-01,449.935371431185
marib,2022-12-01,404.5831646730936
marib,2023-01-01,222.32391106003683
marib,2023-02-01,159.8138691628605
marib,2023-03-01,151.79809530239282
marib,2023-04-01,147.10275565858973
marib,2023-05-01,141.70981662879495
marib,2023-06-01,144.11730920217184
marib,2023-07-01,144.49807393776672
marib,2023-08-01,149.5301580259785
marib,2023-09-01,157.6330183954836
marib,2023-10-01,212.421221402946
marib,2023-11-01,144.84781365197222
marib,2023-12-01,152.23877383115726
marib,2024-01-01,139.62376441302519
marib,2024-02-01,176.02701367730606
marib,2024-03-01,179.34377941473014
marib,2024-04-01,182.6554858213225
marib,2024-05-01,183.16086260201112
raymah,2020-07-01,118.15740156626462
raymah,2020-08-01,106.72240856047222
raymah,2020-09-01,96.43362399209246
raymah,2020-10-01,89.64750549154518
raymah,2020-11-01,92.21274985813055
raymah,2020-12-01,96.44377324554411
raymah,2021-01-01,101.27490361679455
raymah,2021-02-01,103.83465557736596
raymah,2021-03-01,104.29834632752826
raymah,2021-04-01,110.71927639928529
raymah,2021-05-01,112.02875902362368
raymah,2021-06-01,117.88549702268193
raymah,2021-07-01,120.0779565879238
raymah,2021-08-01,114.07806141858502
raymah,2021-09-01,121.13742867219086
raymah,2021-10-01,129.1161341566704
raymah,2021-11-01,136.0101798763708
raymah,2021-12-01,139.67231716451894
raymah,2022-01-01,157.09151105768623
raymah,2022-02-01,159.7823070369172
raymah,2022-03-01,156.9399103937232
raymah,2022-04-01,138.89968221896964
raymah,2022-05-01,142.1673046213546
raymah,2022-06-01,140.23337173287914
raymah,2022-07-01,150.09568016001512
raymah,2022-08-01,154.75709489311322
raymah,2022-09-01,174.93273448416272
raymah,2022-10-01,191.86623259734623
raymah,2022-11-01,234.19871938670508
raymah,2022-12-01,196.53222332477756
raymah,2023-01-01,165.2374149737064
raymah,2023-02-01,168.89525922237155
raymah,2023-03-01,187.89194435239938
raymah,2023-04-01,187.01598682143043
raymah,2023-05-01,177.48614165689614
raymah,2023-06-01,172.23221055919782
raymah,2023-07-01,160.23140777894974
raymah,2023-08-01,175.8995215100566
raymah,2023-09-01,195.88008873961712
raymah,2023-10-01,216.96024757494732
raymah,2023-11-01,182.72897261488578
raymah,2023-12-01,175.12254631125657
raymah,2024-01-01,184.10770853125055
raymah,2024-02-01,226.97089631868744
raymah,2024-03-01,261.0555393202349
raymah,2024-04-01,237.06060460449356
raymah,2024-05-01,211.7254552559754
sana'a,2020-07-01,151.65139706322003
sana'a,2020-08-01,129.19638258017002
sana'a,2020-09-01,120.28326941365656
sana'a,2020-10-01,115.28791494039429
sana'a,2020-11-01,127.5962463905222
sana'a,2020-12-01,144.6308792299077
sana'a,2021-01-01,165.4872866092643
sana'a,2021-02-01,167.8423654615342
sana'a,2021-03-01,172.4688510876976
sana'a,2021-04-01,172.0073840435045
sana'a,2021-05-01,192.08187403857966
sana'a,2021-06-01,225.64405407207596
sana'a,2021-07-01,218.93296628697095
sana'a,2021-08-01,204.09648856309957
sana'a,2021-09-01,198.20304893142497
sana'a,2021-10-01,193.17865529680623
sana'a,2021-11-01,179.358681924822
sana'a,2021-12-01,156.07367055271988
sana'a,2022-01-01,149.3423603083611
sana'a,2022-02-01,147.47982229242453
sana'a,2022-03-01,148.5832864099046
sana'a,2022-04-01,138.49548153501632
sana'a,2022-05-01,136.17216026448165
sana'a,2022-06-01,144.34407578476097
sana'a,2022-07-01,156.1669621499083
sana'a,2022-08-01,170.37997673601149
sana'a,2022-09-01,180.9287693821327
sana'a,2022-10-01,202.70620050732362
sana'a,2022-11-01,223.80071168278522
sana'a,2022-12-01,194.6367884702409
sana'a,2023-01-01,192.60047562434346
sana'a,2023-02-01,176.09537916460076
sana'a,2023-03-01,193.3221880166206
sana'a,2023-04-01,189.47748065304762
sana'a,2023-05-01,189.4542014344382
sana'a,2023-06-01,180.59032192168206
sana'a,2023-07-01,194.17498846449894
sana'a,2023-08-01,230.56198285233478
sana'a,2023-09-01,262.69844772035805
sana'a,2023-10-01,292.3392717670716
sana'a,2023-11-01,206.00369036235722
sana'a,2023-12-01,201.908777132674
sana'a,2024-01-01,202.7389807103175
sana'a,2024-02-01,243.72230257880696
sana'a,2024-03-01,283.9083548083487
sana'a,2024-04-01,275.5800779994505
sana'a,2024-05-01,256.6906648396242
shabwah,2020-07-01,130.98265910626765
shabwah,2020-08-01,120.01365075994528
shabwah,2020-09-01,108.47773300572419
shabwah,2020-10-01,103.22828634349362
shabwah,2020-11-01,110.17995428478548
shabwah,2020-12-01,132.24372966735248
shabwah,2021-01-01,126.60778126835028
shabwah,2021-02-01,116.15436220589939
shabwah,2021-03-01,123.26920987058774
shabwah,2021-04-01,160.4551025322241
shabwah,2021-05-01,164.5447862363155
shabwah,2021-06-01,181.68720363052202
shabwah,2021-07-01,188.593826307661
shabwah,2021-08-01,161.15998248791814
shabwah,2021-09-01,132.3228506797559
shabwah,2021-10-01,114.3163906327773
shabwah,2021-11-01,102.23625631512945
shabwah,2021-12-01,92.04211130172983
shabwah,2022-01-01,92.20846636109742
shabwah,2022-02-01,95.57239066656304
shabwah,2022-03-01,97.36200860247546
shabwah,2022-04-01,96.7602565534844
shabwah,2022-05-01,97.37790476913872
shabwah,2022-06-01,97.43881994179625
shabwah,2022-07-01,95.48667273291935
shabwah,2022-08-01,93.34008837000928
shabwah,2022-09-01,96.77416875253209
shabwah,2022-10-01,121.10410117721054
shabwah,2022-11-01,185.4077305953257
shabwah,2022-12-01,156.46104622174192
shabwah,2023-01-01,134.75720164042073
shabwah,2023-02-01,101.23131046901509
shabwah,2023-03-01,95.90150829915709
shabwah,2023-04-01,107.4197025275179
shabwah,2023-05-01,102.46334731564885
shabwah,2023-06-01,104.82623780812746
shabwah,2023-07-01,97.7831399004187
shabwah,2023-08-01,104.56646293773193
shabwah,2023-09-01,107.7834703094491
shabwah,2023-10-01,110.80674187663752
shabwah,2023-11-01,95.74315196449615
shabwah,2023-12-01,99.1874273001805
shabwah,2024-01-01,93.08062888665759
shabwah,2024-02-01,100.88121836750291
shabwah,2024-03-01,102.71085200225987
shabwah,2024-04-01,105.12173036271095
shabwah,2024-05-01,105.56624730814137
socotra,2020-07-01,371.1843848265037
socotra,2020-08-01,331.3146874828011
socotra,2020-09-01,193.07469973332726
socotra,2020-10-01,172.74405039292515
socotra,2020-11-01,171.10682453935422
socotra,2020-12-01,238.12964850871853
socotra,2021-01-01,237.57260108251248
socotra,2021-02-01,223.8151644513024
socotra,2021-03-01,220.27017171132158
socotra,2021-04-01,201.2065410893574
socotra,2021-05-01,203.104946305993
socotra,2021-06-01,187.85849165360693
socotra,2021-07-01,197.68585819977278
socotra,2021-08-01,212.9529724888577
socotra,2021-09-01,184.5748429852248
socotra,2021-10-01,167.91055903798306
socotra,2021-11-01,146.56073731495655
socotra,2021-12-01,137.92131070189018
socotra,2022-01-01,147.45504612885253
socotra,2022-02-01,135.63588069683018
socotra,2022-03-01,132.20687417417693
socotra,2022-04-01,124.29602356315749
socotra,2022-05-01,120.30561884719675
socotra,2022-06-01,112.16590858646103
socotra,2022-07-01,114.61758995748815
socotra,2022-08-01,108.41636880444207
socotra,2022-09-01,114.1650875945873
socotra,2022-10-01,119.27027321176888
socotra,2022-11-01,133.6327521440698
socotra,2022-12-01,130.50263046868605
socotra,2023-01-01,124.7972253403181
socotra,2023-02-01,119.83290444587796
socotra,2023-03-01,114.92269975231362
socotra,2023-04-01,114.72554014502983
socotra,2023-05-01,110.43543935647217
socotra,2023-06-01,111.66016456435189
socotra,2023-07-01,109.99699745190402
socotra,2023-08-01,108.95697235652473
socotra,2023-09-01,117.09244827674249
socotra,2023-10-01,114.35695484397885
socotra,2023-11-01,116.83837651189471
socotra,2023-12-01,115.98916358771372
socotra,2024-01-01,111.32642196201124
socotra,2024-02-01,111.54803465355917
socotra,2024-03-01,117.64161440095776
socotra,2024-04-01,123.70818699938764
socotra,2024-05-01,128.61914956045487
taizz,2020-07-01,117.70453826058613
taizz,2020-08-01,108.41151086466837
taizz,2020-09-01,109.88635834112581
taizz,2020-10-01,103.1545140665328
taizz,2020-11-01,112.78232665586313
taizz,2020-12-01,134.65595503120733
taizz,2021-01-01,130.4793418175465
taizz,2021-02-01,122.00397725785929
taizz,2021-03-01,118.00178341825072
taizz,2021-04-01,147.5945676906862
taizz,2021-05-01,165.36595558231647
taizz,2021-06-01,167.11965175637215
taizz,2021-07-01,166.2916478156672
taizz,2021-08-01,149.4199523099239
taizz,2021-09-01,136.99821453104832
taizz,2021-10-01,134.91560243059507
taizz,2021-11-01,132.0922001701449
taizz,2021-12-01,136.1077214152303
taizz,2022-01-01,136.59783760853787
taizz,2022-02-01,122.43124645044526
taizz,2022-03-01,126.31123349392226
taizz,2022-04-01,125.05796429090006
taizz,2022-05-01,124.20468957395555
taizz,2022-06-01,113.33698475736404
taizz,2022-07-01,112.56523218420091
taizz,2022-08-01,114.2191430495156
taizz,2022-09-01,116.78789949552531
taizz,2022-10-01,113.91853906221698
taizz,2022-11-01,106.76407721910957
taizz,2022-12-01,105.4449667289646
taizz,2023-01-01,105.26309367536396
taizz,2023-02-01,102.40922640760097
taizz,2023-03-01,100.72482000272483
taizz,2023-04-01,116.84877992475012
taizz,2023-05-01,104.36543103382502
taizz,2023-06-01,94.47583505061958
taizz,2023-07-01,96.77667607004037
taizz,2023-08-01,105.54059759083954
taizz,2023-09-01,108.80964074363067
taizz,2023-10-01,120.65506035462288
taizz,2023-11-01,101.83740555400945
taizz,2023-12-01,107.15227634068519
taizz,2024-01-01,106.24989802079578
taizz,2024-02-01,113.00734146166776
taizz,2024-03-01,109.39835646966182
taizz,2024-04-01,102.47505115333095
taizz,2024-05-01,99.08680108973584
